<?xml version="1.0"?>
<Runs Version="1" Minor="0">
	<Run Id="rvv_system_VexRiscv_0_0_synth_1" LaunchDir="/home/carolinew/thesis_workspace/rvv_all/rvv_all.runs/rvv_system_VexRiscv_0_0_synth_1" FlowId="Vivado_Synthesis" FromStepId="vivado" ToStepId="vivado"/>
	<Run Id="rvv_system_rvv_proc_main_0_0_synth_1" LaunchDir="/home/carolinew/thesis_workspace/rvv_all/rvv_all.runs/rvv_system_rvv_proc_main_0_0_synth_1" FlowId="Vivado_Synthesis" FromStepId="vivado" ToStepId="vivado"/>
	<Run Id="rvv_system_clk_wiz_0_synth_1" LaunchDir="/home/carolinew/thesis_workspace/rvv_all/rvv_all.runs/rvv_system_clk_wiz_0_synth_1" FlowId="Vivado_Synthesis" FromStepId="vivado" ToStepId="vivado"/>
	<Run Id="rvv_system_reset_inv_0_0_synth_1" LaunchDir="/home/carolinew/thesis_workspace/rvv_all/rvv_all.runs/rvv_system_reset_inv_0_0_synth_1" FlowId="Vivado_Synthesis" FromStepId="vivado" ToStepId="vivado"/>
	<Run Id="synth_1" LaunchDir="/home/carolinew/thesis_workspace/rvv_all/rvv_all.runs/synth_1" FlowId="Vivado_Synthesis" FromStepId="vivado" ToStepId="vivado">
		<Parent Id="rvv_system_VexRiscv_0_0_synth_1"/>
		<Parent Id="rvv_system_rvv_proc_main_0_0_synth_1"/>
		<Parent Id="rvv_system_clk_wiz_0_synth_1"/>
		<Parent Id="rvv_system_reset_inv_0_0_synth_1"/>
	</Run>
	<Parameters>
		<Parameter Name="runs.monitorLSFJobs" Val="true" Type="bool"/>
		<Parameter Name="runs.enableClusterConf" Val="true" Type="bool"/>
	</Parameters>
</Runs>

